{
  "id": "1.11.2-Impact_4.0",
  "inheritsFrom": "1.11.2",
  "jar": "1.11.2",
  "libraries": [
    {
      "name": "net.minecraft:launchwrapper:1.12"
    },
    {
      "name": "com.github.ImpactDevelopment:Impact:4.0-1.11.2",
	  "url": "https://impactdevelopment.github.io/maven/"
    },
    {
      "name": "com.github.ZeroMemes:ClientAPI:1.0",
      "url": "https://impactdevelopment.github.io/maven/"
    },
    {
      "name": "com.github.ZeroMemes:Alpine:1.4",
      "url": "https://impactdevelopment.github.io/maven/"
    },
    {
      "name": "org.spongepowered:mixin:0.6.10-SNAPSHOT",
      "url": "http://dl.liteloader.com/versions/"
    },
    {
      "name": "net.jodah:typetools:0.5.0",
      "url": "https://repo.maven.apache.org/maven2/"
    }
  ],
  "mainClass": "net.minecraft.launchwrapper.Launch",
  "minecraftArguments": "--username ${auth_player_name} --version ${version_name} --gameDir ${game_directory} --assetsDir ${assets_root} --assetIndex ${assets_index_name} --uuid ${auth_uuid} --accessToken ${auth_access_token} --userType ${user_type} --tweakClass me.zero.client.load.ClientTweaker",
  "releaseTime": "2016-12-21T09:29:12+00:00",
  "time": "2017-04-07T11:44:29+00:00",
  "type": "release"
}