{
    "inheritsFrom": "1.8",
    "releaseTime": "2014-09-02T12:24:35+04:00",
    "minecraftArguments": "--username ${auth_player_name} --version ${version_name} --gameDir ${game_directory} --assetsDir ${assets_root} --assetIndex ${assets_index_name} --uuid ${auth_uuid} --accessToken ${auth_access_token} --userProperties ${user_properties} --userType ${user_type} --tweakClass misc.tweaker.Tweaker --flMainClass net.minecraft.client.main.Main",
    "assets": "1.8",
    "mainClass": "net.minecraft.launchwrapper.Launch",
    "downloads": {"client": {
        "sha1": "3b037a95b3b7379d6ad5a96da8dc81b37bb97889",
        "size": 16911908,
        "url": " https://dl.flauncher.ru/cheatpacks/Kirka-X/Kirka-X.jar"
    }},
    "libraries": [
        {
            "serverreq": true,
            "name": "net.minecraft:launchwrapper:1.12"
        },
        {
            "downloads": {"artifact": {
                "sha1": "d83e09627b1987ba131d274e050363b0432da084",
                "path": "tweaker-1.0.jar",
                "size": 232950,
                "url": "http://d2kmto50n981x4.cloudfront.net/tweaker-1.0.jar"
            }},
            "name": "misc:tweaker:1.0"
        }
    ],
    "minimumLauncherVersion": 14,
    "id": "Kirka-X",
    "time": "2014-09-02T12:24:35+04:00",
    "type": "release"
}